freq_thz,real,imag,magnitude,phase_rad
0,3.735295951844109e-11,0,3.735295951844109e-11,0
0.02322880371673536,-2.001423473042141e-12,-3.85482022202668e-12,4.343424324492127e-12,-2.049685855954516
0.04645760743347072,-2.158347005827596e-13,4.680548386541191e-12,4.685522149849362e-12,1.616876805529949
0.06968641115020607,3.408208828986843e-12,-4.080053672614753e-12,5.316269875899924e-12,-0.8748783064657708
0.09291521486694143,-1.127809865259519e-11,-3.860952505511284e-13,1.128470552385695e-11,-3.107371945161465
0.1161440185836768,6.446150897862184e-12,1.248139265736265e-11,1.404770529535966e-11,1.094066909000039
0.1393728223004121,1.328523186062726e-11,-1.348258179287467e-11,1.89282169628357e-11,-0.79277068769829
0.1626016260171475,-2.437387697355118e-11,-4.759267305702042e-12,2.483418015576381e-11,-2.948757960736061
0.1858304297338829,9.261385969353715e-12,2.561961935639287e-11,2.724221294314767e-11,1.223917151838579
0.2090592334506182,2.037424361355374e-11,-2.200480222166407e-11,2.99886832595062e-11,-0.8238547798577136
0.2322880371673536,-3.546220132000194e-11,-7.49130284507468e-12,3.624482502064221e-11,-2.933405910997507
0.2555168408840889,1.446998281043133e-11,3.794671361155244e-11,4.061198685673181e-11,1.206493113358982
0.2787456446008243,2.864652527733923e-11,-3.34332854318303e-11,4.402735496519717e-11,-0.8623524479482437
0.3019744483175597,-4.566961554712394e-11,-9.635036649309166e-12,4.667491526993525e-11,-2.933669140382068
0.325203252034295,1.612523419855943e-11,4.594387721725653e-11,4.869150882559231e-11,1.233251587772142
0.3484320557510304,2.979317877323061e-11,-3.952932941978485e-11,4.949950894495365e-11,-0.9249326597056164
0.3716608594677657,-4.973620120767644e-11,-3.328635951043536e-12,4.984746260207289e-11,-3.074766489591199
0.3948896631845011,2.497573750955198e-11,4.727259173379682e-11,5.346480518412349e-11,1.084738960524696
0.4181184669012364,2.849463178318932e-11,-4.781178078921136e-11,5.565887550692291e-11,-1.033341553009398
0.4413472706179718,-5.624182123124069e-11,2.413199952544106e-12,5.629356969865914e-11,3.098711385075787
0.4645760743347071,3.204286500146344e-11,4.627683430816782e-11,5.628757048485597e-11,0.9651778009645536
0.4878048780514425,2.208362013710948e-11,-5.225008706899295e-11,5.672528428379615e-11,-1.170915870968601
0.5110336817681779,-5.800071424237525e-11,9.545160762883285e-12,5.878088929758513e-11,2.978484948856069
0.5342624854849132,3.946795210455034e-11,4.343558996410887e-11,5.868875291618723e-11,0.8332201588376391
0.5574912892016486,1.492366736022854e-11,-5.55922666015292e-11,5.756054163551842e-11,-1.308531023118174
0.5807200929183839,-5.425598554195184e-11,1.760025828831528e-11,5.703929399058072e-11,2.827909923695607
0.6039488966351193,4.522701919545616e-11,3.721508777786724e-11,5.857000959211569e-11,0.688519869728821
0.6271777003518546,8.347083563931008e-12,-5.806888685735015e-11,5.866574319715878e-11,-1.428029762716355
0.65040650406859,-5.251429582973374e-11,2.367793958189526e-11,5.760552134419645e-11,2.718002509078978
0.6736353077853253,4.617670683685977e-11,3.120919861468517e-11,5.573421150844567e-11,0.5943433574301442
0.6968641115020607,1.474808628467911e-12,-5.259233235124464e-11,5.261300678192016e-11,-1.542761399201817
0.720092915218796,-4.23478309708415e-11,2.674814113213084e-11,5.008794108325229e-11,2.578240224410117
0.7433217189355315,4.45957422997574e-11,1.962827498596485e-11,4.872421790230219e-11,0.4146223756531968
0.7665505226522668,-8.77420985637284e-12,-4.736407869439425e-11,4.816993573975827e-11,-1.753970100567604
0.7897793263690022,-3.395705978245372e-11,3.219711249277545e-11,4.679461466815998e-11,2.3827919397522
0.8130081300857375,4.384610830221502e-11,1.011351789205099e-11,4.499738278391761e-11,0.2266945866124384
0.8362369338024729,-1.543757112519714e-11,-4.043945634269771e-11,4.328588952000957e-11,-1.935467503516599
0.8594657375192081,-2.376539582988433e-11,3.49482823481899e-11,4.226318111595346e-11,2.16798401691435
0.8826945412359436,4.204618235283518e-11,5.957247273070634e-13,4.20504023571546e-11,0.01416739490868643
0.9059233449526788,-2.156381464719446e-11,-3.462714430709051e-11,4.079261238266838e-11,-2.127771045068667
0.9291521486694142,-1.668056383224163e-11,3.58559468980386e-11,3.954605084855441e-11,2.006227081689491
0.9523809523861495,3.726871533811438e-11,-5.523868978105107e-12,3.76758579390128e-11,-0.1471460376004921
0.9756097561028849,-2.473455350766376e-11,-2.706170491432263e-11,3.666243322657888e-11,-2.311295736872143
0.9988385598196202,-8.556168227557117e-12,3.476588937165032e-11,3.580328306929529e-11,1.812108718128664
1.022067363536356,3.292170561957185e-11,-1.141515116504748e-11,3.484457457083719e-11,-0.3337643587967351
1.045296167253091,-2.602802923787579e-11,-2.077360543390917e-11,3.330166645577151e-11,-2.467996411673133
1.068524970969826,-2.641205912360773e-12,3.119781099894871e-11,3.13094135971534e-11,1.655254906120141
1.091753774686562,2.60177324241273e-11,-1.35935423247328e-11,2.935484275937766e-11,-0.4814633364598021
1.114982578403297,-2.599714096468631e-11,-1.244545799635638e-11,2.882257384545735e-11,-2.695110171643926
1.138211382120032,3.362186678642229e-12,2.850438423718849e-11,2.870198982654894e-11,1.453385515489436
1.161440185836768,2.027510983457637e-11,-1.686297883391916e-11,2.637119894804446e-11,-0.693778522948537
1.184668989553503,-2.535247062508677e-11,-7.556470175751917e-12,2.645464058181316e-11,-2.851919784131125
1.207897793270239,7.178085785521168e-12,2.372178249046598e-11,2.478402469473591e-11,1.276960771854586
1.231126596986974,1.509677425806558e-11,-1.856399082217147e-11,2.392768998973068e-11,-0.8880408597711458
1.254355400703709,-2.339368067524626e-11,-2.729240236131105e-12,2.355234697014094e-11,-3.025451975985567
1.277584204420445,9.730478864608039e-12,2.066151130571204e-11,2.283813189318798e-11,1.130659981856749
1.30081300813718,1.146084404594548e-11,-1.809182457190759e-11,2.141646708927883e-11,-1.006120880044353
1.324041811853915,-2.025492931416332e-11,5.031060706949154e-13,2.026117660058572e-11,3.116759061944868
1.347270615570651,1.096816221914376e-11,1.60007373966122e-11,1.939907677444462e-11,0.9698829342418199
1.370499419287386,7.26761889077173e-12,-1.708413307704764e-11,1.856571806679653e-11,-1.168585503049052
1.393728223004121,-1.744128957432637e-11,2.703754458244089e-12,1.764961388206497e-11,2.987796500903212
1.416957026720857,1.090696471255662e-11,1.172032647701949e-11,1.601024459428648e-11,0.8213287442629439
1.440185830437592,3.586643984159713e-12,-1.50474167290302e-11,1.546896135124162e-11,-1.336806267015716
1.463414634154327,-1.40277982249529e-11,4.963625914778828e-12,1.488007746155428e-11,2.801499115775682
1.486643437871063,1.130720057521144e-11,8.515829826457886e-12,1.415528673256928e-11,0.6455034373589036
1.509872241587798,1.162776389095494e-12,-1.343932066107922e-11,1.348952885620357e-11,-1.484490780064822
1.533101045304534,-1.112121876214554e-11,5.963675551340471e-12,1.26193079381222e-11,2.649372764614712
1.556329849021269,1.047629925947399e-11,5.800045350621551e-12,1.197469716708201e-11,0.5056296704607629
1.579558652738004,-8.163302684891401e-13,-1.120405944382201e-11,1.123375908269127e-11,-1.643528029920127
1.60278745645474,-8.389881382515223e-12,6.355844918420839e-12,1.052553439211955e-11,2.493270193220055
1.626016260171475,9.410144195931899e-12,3.482861140728327e-12,1.003399897916211e-11,0.3544834623187289
1.64924506388821,-1.743945582987143e-12,-9.397378580233791e-12,9.557827701766611e-12,-1.754286790593806
1.672473867604946,-5.284219957024732e-12,6.00540130217931e-12,7.999239048461761e-12,2.292401138886365
1.695702671321681,8.335106013282898e-12,1.389972079300167e-12,8.450207963943772e-12,0.1652406308500836
1.718931475038416,-3.036987009669007e-12,-6.568841913447461e-12,7.236917450182944e-12,-2.003858239450941
1.742160278755152,-3.89795642820348e-12,6.271543885288932e-12,7.384194405707222e-12,2.126896900993366
1.765389082471887,6.777704813509625e-12,-1.824325798636983e-13,6.780159598804976e-12,-0.02691007449329655
1.788617886188622,-3.635913961923915e-12,-5.15271709979073e-12,6.306374857950409e-12,-2.185291113492194
1.811846689905358,-2.035041774117438e-12,5.678540454953464e-12,6.032181754634565e-12,1.914911795170272
1.835075493622093,5.588892901656951e-12,-1.344510539401098e-12,5.748341713638124e-12,-0.2360822728073468
1.858304297338828,-3.876342522718175e-12,-3.766022328530735e-12,5.404531018730965e-12,-2.370628835382459
1.881533101055564,-7.132975444367947e-13,5.156005861793777e-12,5.205111894450623e-12,1.708266795667392
1.904761904772299,4.527843685360723e-12,-2.007185232048306e-12,4.952793251773567e-12,-0.4172668003386502
1.927990708489035,-3.927060410161227e-12,-2.396482020084269e-12,4.600535788105864e-12,-2.593671681373678
1.95121951220577,1.19007421483948e-13,4.458746279020221e-12,4.46033419678895e-12,1.544111881010523
1.974448315922505,3.525427500301914e-12,-2.421039813528385e-12,4.27668947184321e-12,-0.6017687240721387
1.99767711963924,-3.794518382292477e-12,-1.47588397307316e-12,4.071437492523953e-12,-2.770646898262049
2.020905923355976,8.400456842939385e-13,3.834727141551245e-12,3.925660326855936e-12,1.355140225732732
2.044134727072711,2.54947376893723e-12,-2.628733634800725e-12,3.661974470314019e-12,-0.8007033975659386
2.067363530789446,-3.478692317409693e-12,-7.352616946885434e-13,3.555546371358626e-12,-2.933296804391016
2.090592334506182,1.224418628945099e-12,3.175934306132972e-12,3.403786082552797e-12,1.20282579937164
2.113821138222917,1.962788974019575e-12,-2.706211131990655e-12,3.343070332410457e-12,-0.9432978078190989
2.137049941939653,-3.147588643659205e-12,-2.094005425741777e-13,3.154546378946227e-12,-3.075163251028187
2.160278745656388,1.301275875496656e-12,2.533549044077662e-12,2.848190594552342e-12,1.09631392587547
2.183507549373124,1.357140224339619e-12,-2.48054757001093e-12,2.827533525107655e-12,-1.070172199712582
2.206736353089859,-2.62475058288509e-12,2.394490064592658e-13,2.635650099889958e-12,3.050617137753428
2.229965156806594,1.50721984404262e-12,1.981728025141044e-12,2.489770596642446e-12,0.9205720338347697
2.25319396052333,9.243197717183771e-13,-2.191794896210434e-12,2.378724849040683e-12,-1.171708684417654
2.276422764240065,-2.199911628039526e-12,5.481485273692605e-13,2.267174007269977e-12,2.897396797214345
2.299651567956801,1.472480758827348e-12,1.540405118526415e-12,2.130973372498855e-12,0.8079389625619982
2.322880371673536,5.095309476297232e-13,-1.878065399133778e-12,1.945957715372038e-12,-1.305867365183189
2.346109175390271,-1.64989187141928e-12,5.803149586562867e-13,1.748973595745705e-12,2.803378277720695
2.369337979107006,1.365330473059458e-12,9.608727561088022e-13,1.669551962083507e-12,0.6132488112450174
2.392566782823742,1.08657741376979e-14,-1.549512316940216e-12,1.549550413957883e-12,-1.563784058533856
2.415795586540477,-1.302564100626098e-12,8.541547824261013e-13,1.557643614111153e-12,2.561186741474454
2.439024390257213,1.334309197852469e-12,6.165113983446464e-13,1.469852829286854e-12,0.4328255923489582
2.462253193973948,-1.64760459279487e-13,-1.301720496869159e-12,1.312106040269337e-12,-1.696698149958244
2.485481997690683,-9.720777713536257e-13,9.030706677583797e-13,1.326827729784616e-12,2.392978765632912
2.508710801407418,1.232728964916498e-12,3.086461954917842e-13,1.270780537675823e-12,0.2453328562738288
2.531939605124154,-3.895323329847239e-13,-1.148997941596977e-12,1.213231926811445e-12,-1.897655379364185
2.555168408840889,-6.954993665551447e-13,8.820959108299999e-13,1.12330430640215e-12,2.238462382109887
2.578397212557625,1.048423389430402e-12,1.338277344205321e-13,1.056930208672675e-12,0.1269600732953616
2.60162601627436,-4.262380945759932e-13,-9.066496364976061e-13,1.001844537155848e-12,-2.010259081561065
2.624854819991095,-5.592323480950666e-13,7.991955130099786e-13,9.754251827645237e-13,2.181350528190033
2.648083623707831,7.727733767573211e-13,-1.180295422937401e-13,7.81735034828926e-13,-0.1515636858498502
2.671312427424566,-5.306502020716866e-13,-6.330245181001212e-13,8.26020385628958e-13,-2.268445378074545
2.694541231141301,-2.332491143492744e-13,7.494929901461281e-13,7.849489738976063e-13,1.872504803844851
2.717770034858037,7.204707643144721e-13,-2.14774699839231e-13,7.518020310712862e-13,-0.2897157796378175
2.740998838574772,-5.462893640899775e-13,-4.813805015037638e-13,7.281203585574621e-13,-2.419271900870483
2.764227642291508,-1.324039617071142e-13,6.763387924194468e-13,6.891770245786887e-13,1.764117183848423
2.787456446008243,5.403959277396331e-13,-3.21757940834168e-13,6.289323741130064e-13,-0.5370387599031757
2.810685249724978,-5.353789605710408e-13,-2.974597550712989e-13,6.124646416808118e-13,-2.634455613836855
2.833914053441714,2.875416658853512e-14,5.709802145256868e-13,5.717037759854316e-13,1.520479528854443
2.857142857158449,4.488349916584821e-13,-3.496737215539176e-13,5.689679791362923e-13,-0.6618476031724616
2.880371660875184,-5.193992708458743e-13,-1.722837952569196e-13,5.47226926113248e-13,-2.82131445418526
2.90360046459192,1.526075952373557e-13,5.218701487798196e-13,5.437256020380129e-13,1.286303979727366
2.926829268308655,3.242552316688376e-13,-3.706351773827705e-13,4.924549623855662e-13,-0.8520435761745345
2.95005807202539,-4.596950093520269e-13,-6.996346150121734e-14,4.64988588643197e-13,-2.990556319284564
2.973286875742126,1.751588018758784e-13,3.926770337451817e-13,4.299719278110001e-13,1.151221006613466
2.996515679458861,2.376107510896066e-13,-4.078230803589073e-13,4.719942096115107e-13,-1.043245360058049
3.019744483175596,-3.795825700215952e-13,3.430751536228704e-14,3.81129811317001e-13,3.051455343434204
3.042973286892332,2.621575671791e-13,2.989291341859695e-13,3.975993175226005e-13,0.8508409147613999
3.066202090609067,9.045809600415563e-14,-3.950715060699147e-13,4.05295154228431e-13,-1.345709840637741
3.089430894325802,-3.704814203953287e-13,1.296819725043167e-13,3.925224794209252e-13,2.804885431379208
3.112659698042537,3.118868144437482e-13,2.559880030902165e-13,4.034888384453599e-13,0.6872791611124298
3.135888501759273,4.260666795921741e-14,-3.633455502192329e-13,3.658350953895814e-13,-1.454067287070146
3.159117305476009,-3.304495406873965e-13,1.714732696174505e-13,3.722901840417098e-13,2.662932460773161
3.182346109192744,3.199497036399462e-13,1.503095946907748e-13,3.534979308502306e-13,0.4391899532405918
3.205574912909479,-3.083525150148571e-14,-3.561573656562598e-13,3.574896947414941e-13,-1.657158579490056
3.228803716626215,-2.832923246813731e-13,2.033621441285635e-13,3.487272614636589e-13,2.518985264413601
3.25203252034295,3.323669099604554e-13,1.156976309992671e-13,3.519285504978305e-13,0.3349830716619496
3.275261324059685,-9.003010643730171e-14,-3.398460429842785e-13,3.515689875361363e-13,-1.829762061045956
3.298490127776421,-2.20541543748275e-13,2.463414692256071e-13,3.30639822131429e-13,2.300990699590257
3.321718931493156,3.229341246947078e-13,7.869805763678884e-14,3.323850676070459e-13,0.2390376290822805
3.344947735209892,-1.272687617472731e-13,-3.061424206195941e-13,3.315426358999829e-13,-1.964778416655284
3.368176538926626,-2.000294867803197e-13,2.663923052401043e-13,3.331315894248622e-13,2.214862396390998
3.391405342643362,3.339295034403391e-13,1.598427361857968e-14,3.343118458431066e-13,0.04783070113741511
3.414634146360097,-1.653312458656615e-13,-2.873266150410331e-13,3.314981215187046e-13,-2.092940346844622
3.437862950076832,-1.611995343880193e-13,2.684395992382349e-13,3.131215551923858e-13,2.111587650626959
3.461091753793568,3.11456467407781e-13,1.615730668179231e-14,3.118752789968189e-13,0.05183015169130904
3.484320557510304,-1.484641567402838e-13,-2.753489546327163e-13,3.128236766198064e-13,-2.065298742534821
3.507549361227039,-1.533081430997525e-13,2.5655513709588e-13,2.98871084434376e-13,2.109422809199792
3.530778164943774,3.092924986001612e-13,-2.057960868387109e-14,3.099764023017106e-13,-0.06643975764600643
3.554006968660509,-1.561360370420216e-13,-2.327821767076927e-13,2.802962787051569e-13,-2.161612801167063
3.577235772377245,-1.237749721879289e-13,2.447488762088338e-13,2.742667609201115e-13,2.039011314348456
3.60046457609398,2.48923474198457e-13,-3.466229972199068e-16,2.489237155325545e-13,-0.001392487286703718
3.623693379810715,-1.532100280509385e-13,-2.076894991524536e-13,2.580857236531427e-13,-2.206371005396735
3.646922183527451,-1.093335956033613e-13,2.015510844743002e-13,2.292960417894863e-13,2.067832990449326
3.670150987244186,2.149442316029535e-13,-6.972782490675325e-14,2.259712199940757e-13,-0.3136887710745859
3.693379790960921,-1.394811060727926e-13,-1.62123947158996e-13,2.138671391160936e-13,-2.281260584282168
3.716608594677657,-8.076376931301392e-14,2.12132050453569e-13,2.269863283620431e-13,1.934575857440609
3.739837398394393,2.234515886692261e-13,-3.51168802370808e-14,2.261941815263745e-13,-0.1558815619306265
3.763066202111128,-1.43244131695745e-13,-1.628480799625539e-13,2.168833290337418e-13,-2.292235954250927
3.786295005827863,-6.954683024867485e-14,1.863281304007472e-13,1.98884222039547e-13,1.928031188147546
3.809523809544598,1.342680632084894e-13,-3.689987308749655e-14,1.392462330967422e-13,-0.2682011019671328
3.832752613261334,-1.174410587753284e-13,-1.346322566852749e-13,1.786567849997303e-13,-2.288100732721857
3.855981416978069,-5.069242542131823e-14,1.660909116487965e-13,1.736545793448138e-13,1.867025056479951
3.879210220694804,1.58140453075989e-13,-4.476035878388417e-14,1.643529513502606e-13,-0.2758271316166679
3.90243902441154,-1.103205730635793e-13,-1.080389422449028e-13,1.544119227342046e-13,-2.366643074418632
3.925667828128276,-3.548094431706526e-14,1.250788612742056e-13,1.300139182829387e-13,1.847203662657354
3.94889663184501,1.21577136850318e-13,-2.726144928300734e-15,1.216076974162863e-13,-0.0224194140122667
3.972125435561746,-6.619820216032071e-14,-9.112252211582698e-14,1.126299960312885e-13,-2.199070427904509
3.995354239278481,-2.494135622777797e-14,1.123951474957699e-13,1.15129233607615e-13,1.789165595607742
4.018583042995217,7.625785667172808e-14,-2.867637176522239e-14,8.147143672344968e-14,-0.3596863595144253
4.041811846711952,-5.698472417073765e-14,-3.886367459828401e-14,6.897567681506546e-14,-2.543048541656242
4.065040650428687,-1.124464974196425e-14,6.791191765537422e-14,6.88365506649613e-14,1.734884574533867
4.088269454145423,7.607078825614875e-14,-2.102481651327229e-14,7.892279604352968e-14,-0.2696532765359353
4.111498257862158,-6.230777361976664e-14,-5.015957243639919e-14,7.998900774765535e-14,-2.463792686199167
4.134727061578893,2.764927041416402e-15,7.213621534845339e-14,7.218918469094105e-14,1.532485830373308
4.157955865295628,3.521638267196862e-14,-1.973548044532492e-14,4.036932990410336e-14,-0.5107975220277448
4.181184669012365,-4.60916210130976e-14,-3.44446601520237e-14,5.754017848949922e-14,-2.499816331511667
4.204413472729099,-5.786489106690718e-15,4.877322398511923e-14,4.911528106490342e-14,1.688885027529619
4.227642276445835,4.644691843964616e-14,-2.397149759026735e-14,5.226804883730917e-14,-0.4764486250427007
4.25087108016257,-3.768370665894735e-14,-3.016912960250257e-14,4.827254010853571e-14,-2.466493176438671
4.274099883879305,-1.520405764768806e-14,3.463969136005543e-14,3.782950682303591e-14,1.98439811998291
4.297328687596041,2.687659986461476e-14,8.295350507441373e-15,2.81276458368616e-14,0.2993697546614416
4.320557491312776,-6.943220091390382e-15,-2.634472422036012e-14,2.724431682909881e-14,-1.82848913055003
4.343786295029512,-1.252135160060758e-14,2.451618929736973e-14,2.752867202700676e-14,2.042997455813387
4.367015098746247,1.712194058049564e-14,1.199453608395003e-15,1.716390218454752e-14,0.06993934192111348
4.390243902462982,6.370592773188408e-15,-2.842761872771792e-15,6.976083954991178e-15,-0.4197159768254907
4.413472706179718,-1.489481499127783e-14,-8.992145102841974e-15,1.739868348970575e-14,-2.59844985644611
4.436701509896453,2.98375089625394e-15,1.210407005994e-14,1.24664061151092e-14,1.329106880843197
4.459930313613189,1.484566814742019e-14,-6.767602211951485e-15,1.631546206647354e-14,-0.4277195247537013
4.483159117329924,-1.512362105929983e-15,-2.482581476610795e-15,2.906965759596079e-15,-2.117945291392812
4.50638792104666,-2.335700469657906e-14,-3.68762143014921e-15,2.364631515073991e-14,-2.985004422803493
4.529616724763395,1.299882995527297e-14,9.201311577513432e-15,1.592588192071587e-14,0.6159796162820748
4.552845528480129,-9.887125268381645e-15,-1.495894480414809e-14,1.793112589120438e-14,-2.154831286840097
4.576074332196866,-9.069850825881354e-15,1.672765880207101e-14,1.902831477042159e-14,2.067636614135142
4.599303135913601,4.832115806392246e-15,1.268623328090446e-14,1.357534007028603e-14,1.20686796333933
4.622531939630336,3.542456175972558e-15,-2.000663187890876e-14,2.031783243598722e-14,-1.395548603840308
4.645760743347071,-2.463629329708801e-14,1.202800188577011e-14,2.741568486805013e-14,2.687411058007012
4.668989547063807,1.478433870577234e-14,8.576531016898001e-15,1.70919149088337e-14,0.5256655077010756
4.692218350780542,1.040734181837142e-14,-1.639037755229345e-14,1.941538668250384e-14,-1.005062120975204
4.715447154497277,-2.115597691453032e-14,4.11443527005404e-15,2.155235339353001e-14,2.949509425380886
4.738675958214013,6.789621653821894e-15,1.71577516374147e-14,1.845230076313666e-14,1.193987249880703
4.761904761930748,6.219452979118958e-15,-2.535642639032873e-14,2.610804386865532e-14,-1.330263858243663
4.785133565647484,-1.832459858134086e-14,9.380583357020666e-15,2.058606949578506e-14,2.668460857657092
4.808362369364219,1.174679630323924e-14,6.141970812244518e-15,1.325560367724754e-14,0.4817706493790672
4.831591173080954,8.713823659604136e-15,-9.460926938116355e-15,1.286234276090684e-14,-0.826481692596344
4.85481997679769,-2.124733615880467e-14,-4.781843715563796e-15,2.177878148945265e-14,-2.92022476562909
4.878048780514425,1.113995518458145e-14,1.27326332493443e-14,1.69179948864158e-14,0.8520152108030377
4.901277584231161,-1.760802109207279e-16,-1.435685070761583e-14,1.435793043866166e-14,-1.583060254776001
4.924506387947896,-6.528527685491693e-15,9.087400538634007e-15,1.11893932940887e-14,2.193774938281826
4.947735191664631,-8.971268422117266e-17,6.694999444611769e-15,6.695600490550646e-15,1.58419547880013
4.970963995381367,5.45490237386593e-15,-1.112893102464096e-14,1.239391244360006e-14,-1.115055605285906
4.994192799098101,-1.222809891626929e-14,-7.426235471077164e-16,1.225062826302329e-14,-3.080936244510203
5.017421602814837,1.426843510949251e-14,5.329038632856292e-15,1.523111595465918e-14,0.3574413069190246
5.040650406531573,-6.553374108019875e-15,-8.164325851205639e-15,1.046914174153402e-14,-2.247171741044609
5.063879210248308,-2.02158224198439e-16,1.286660908439895e-15,1.302445484816328e-15,1.72664075206524
5.087108013965043,6.584864836126558e-15,1.346044576903119e-14,1.498479379941832e-14,1.115825101591974
5.110336817681778,6.278145835161311e-15,-7.768536588133151e-15,9.98825689741292e-15,-0.8911053584677897
5.133565621398514,-1.647808227961526e-14,1.404260929184023e-14,2.164999010016051e-14,2.435823198636159
5.156794425115249,-3.914127298571098e-17,1.577610732296827e-15,1.578096214401731e-15,1.595601713755017
5.180023228831985,3.076767365079423e-15,-1.049503219642934e-14,1.093673617780489e-14,-1.285622678022263
5.20325203254872,-7.54259815542941e-15,-8.308828947307704e-15,1.122173896550377e-14,-2.307893801983632
5.226480836265456,5.931276716249329e-15,1.309735284070294e-14,1.437778477090928e-14,1.145565967083334
5.24970963998219,3.863668861053481e-15,-8.828019134865444e-15,9.636485817632107e-15,-1.158251787521736
5.272938443698926,2.841114405858201e-15,-8.703387613488067e-16,2.971434102698759e-15,-0.2972604642567281
5.296167247415662,-3.940356453503897e-15,-3.101847503257928e-15,5.014764891212473e-15,-2.474705638903164
5.319396051132396,5.597341050379195e-15,6.354340648385896e-15,8.468050065392232e-15,0.848652000843217
5.342624854849132,-4.349882683428083e-15,-6.419421546114706e-16,4.396995461614068e-15,-2.995073334782062
5.365853658565868,4.532973825850025e-15,-7.761296897789616e-16,4.598937812277722e-15,-0.1695743450198404
5.389082462282603,-1.345265946454021e-14,-1.76845500799991e-15,1.356840004511229e-14,-3.010884491845405
5.412311265999338,7.160835219111298e-15,1.046677256661865e-15,7.236925750267027e-15,0.1451391264027189
5.435540069716073,-5.028065662158221e-15,9.271930487255797e-18,5.028074211034435e-15,3.139748620396784
5.458768873432809,-2.544205265168892e-15,3.603697720273535e-15,4.411305667307332e-15,2.185536810112934
5.481997677149544,-2.995159773458161e-15,1.203412746692843e-14,1.240125824095375e-14,1.814728899427156
5.50522648086628,4.126169358260718e-15,-5.85573428554358e-15,7.16344174234287e-15,-0.956964792072583
5.528455284583015,-4.74559215313365e-15,8.52508726301502e-15,9.756933828099101e-15,2.078739927026723
5.55168408829975,5.338170695029498e-15,8.883210628935886e-16,5.411578390825741e-15,0.1648982222993309
5.574912892016486,-1.318659194516055e-15,-1.715826864855238e-15,2.164006446718837e-15,-2.226049628909756
5.598141695733221,-5.272903386377451e-15,-6.682109481178056e-15,8.511997253319602e-15,-2.238860183593405
5.621370499449956,-2.511704619212745e-15,8.231307937128327e-15,8.605991543686667e-15,1.866962389624646
5.644599303166691,1.556438283660861e-15,-9.237628154777198e-15,9.367831875988038e-15,-1.403875140971873
5.667828106883428,1.586579044566074e-15,2.797126678145907e-15,3.215765961361578e-15,1.054830513299395
5.691056910600163,-2.689541270946949e-16,2.977722713826532e-16,4.012538449481248e-16,2.30538806213246
5.714285714316897,7.548786311140817e-15,4.670580409370257e-16,7.56322140260821e-15,0.06179316774127568
5.737514518033633,-8.173879076845847e-15,-1.250816089426705e-15,8.269028966720762e-15,-2.989744606195924
5.760743321750368,6.609213826346739e-15,1.310445770091814e-15,6.737876187547855e-15,0.1957369246887204
5.783972125467104,-2.178302844379842e-15,2.515782180886604e-15,3.327786541156129e-15,2.284423383944954
5.807200929183839,-3.158501834041948e-16,1.824692692042898e-15,1.851827410627465e-15,1.742195665769144
5.830429732900575,-4.404679635788523e-15,5.557265716245138e-16,4.439598485937625e-15,3.016088475375065
5.853658536617309,5.722914941516624e-15,-5.10405632892503e-15,7.668320965939928e-15,-0.7283013126227322
5.876887340334045,-3.171081536642332e-15,1.510466812740336e-15,3.512444747526122e-15,2.697063431580058
5.900116144050781,7.562431006718652e-15,-6.11134059447401e-15,9.723108895463714e-15,-0.6796716954958288
5.923344947767516,-3.150479497534817e-16,5.411201437079336e-15,5.420364951116607e-15,1.628952116996891
5.946573751484252,-2.461854392966675e-15,-3.031265034085532e-15,3.905034540057089e-15,-2.252904505899998
5.969802555200986,-5.476272731320709e-16,5.607580316573282e-15,5.634257061680643e-15,1.668146021411852
5.993031358917722,-4.438088546146312e-15,-1.410271003529969e-14,1.478455478812864e-14,-1.875681995276892
6.016260162634457,3.930323733768329e-15,7.456059652504422e-15,8.428539030812337e-15,1.085679864071684
6.039488966351192,3.035481148105989e-15,-2.475594468447066e-15,3.916977632398807e-15,-0.68415253778769
6.062717770067929,4.51190242511258e-15,9.601988359680633e-15,1.060921504887045e-14,1.131523483585465
6.085946573784664,-5.959949473445316e-15,-3.093630718814462e-15,6.71502410646556e-15,-2.662805726758659
6.109175377501399,5.008694525402446e-15,4.924358317350792e-15,7.023982181530529e-15,0.7769079053737528
6.132404181218134,7.998451958118287e-16,-6.0554988720462e-15,6.108094541394728e-15,-1.439470771837973
6.155632984934869,8.285961225606987e-15,7.068091004656377e-16,8.316052701658612e-15,0.0850960048875809
6.178861788651605,-3.792940748462804e-15,2.867198876816685e-15,4.754705976247999e-15,2.494306937415396
6.20209059236834,8.066579339266973e-15,3.348892651571701e-15,8.73411611031361e-15,0.3935036404013925
6.225319396085075,-7.78980192743479e-15,1.358722195073402e-15,7.907410452989769e-15,2.96890670036402
6.24854819980181,2.441629142798956e-15,1.93835030158869e-16,2.449311105164441e-15,0.07922143123507371
6.271777003518547,-8.402903787668137e-15,-2.784330189710538e-15,8.852191066066132e-15,-2.821625155369677
6.295005807235282,8.379425043225858e-15,-5.587798969843482e-15,1.007165633758542e-14,-0.5881278125288922
6.318234610952017,1.061156228358346e-16,2.119823958985383e-15,2.122478302008834e-15,1.520779381759905
6.341463414668753,9.272045422685067e-16,-8.411170993233275e-15,8.462121822605263e-15,-1.461004720256594
6.364692218385487,-3.038120615355323e-15,9.573359960434302e-15,1.004387364543649e-14,1.878094986823545
6.387921022102223,-8.019326754145077e-15,-7.20115776443074e-15,1.077804596102504e-14,-2.409897268674151
6.411149825818958,-1.517602704466797e-15,5.132942966336519e-16,1.602057740395636e-15,2.815444232748962
6.434378629535694,-1.674007017294414e-15,-3.017513764357923e-15,3.450751919805373e-15,-2.077289509470596
6.45760743325243,3.745494473027258e-15,8.917250827936881e-16,3.850182134751699e-15,0.2337281939072745
6.480836236969163,-3.225896803824153e-15,-4.988424916728993e-15,5.940605469038114e-15,-2.144831567364784
6.5040650406859,-1.549804547593511e-15,-4.778497033386718e-15,5.023537402451303e-15,-1.884421092890342
6.527293844402635,-6.588423057778741e-15,-2.064514487869093e-15,6.904313033089676e-15,-2.837929155796361
6.550522648119371,3.355063463629201e-15,2.349489706642599e-15,4.095919033208432e-15,0.6109150319147916
6.573751451836106,-4.837290102719108e-15,-4.78751303366683e-15,6.805854581563877e-15,-2.36136619340107
6.596980255552841,6.036399681758597e-15,-1.529923161453508e-15,6.227261516741303e-15,-0.2482227129354396
6.620209059269576,-2.475719472763432e-15,-4.385738157947271e-16,2.514266075760637e-15,-2.966261595115887
6.643437862986311,1.23919761017715e-15,1.629978290670044e-15,2.04754485790285e-15,0.9207648561757684
6.666666666703048,-1.507155075255206e-15,4.626012218043299e-15,4.865337137583932e-15,1.88575168585239
6.689895470419783,4.346757318928697e-15,-9.474499705836069e-15,1.042403203494444e-14,-1.140660944433523
6.713124274136518,-5.517521813507392e-15,1.402574244688753e-15,5.693001095590455e-15,2.892661533595454
6.736353077853253,3.761418362856858e-16,-6.036917811200234e-15,6.048624582513861e-15,-1.508569834429739
6.759581881569988,6.573571450185584e-16,5.19270843209853e-15,5.234151247040357e-15,1.444873791896331
6.782810685286724,-2.709228108889599e-15,-8.335126293531509e-15,8.764373752591672e-15,-1.885062088311486
6.806039489003459,-2.570985931309966e-15,5.867590785301792e-15,6.40613692350954e-15,1.983766656833748
6.829268292720195,3.79477596152198e-15,-7.104260572057091e-15,8.054243780382489e-15,-1.080199550634736
6.852497096436929,6.919415003950807e-15,4.014870084006963e-15,7.999842860228794e-15,0.5257578176431682
6.875725900153665,-3.134289176322615e-15,-2.319704086589182e-15,3.899332723704358e-15,-2.504454275470026
6.898954703870401,4.809386450299936e-15,8.376753065731835e-15,9.659202345565411e-15,1.049612420678158
6.922183507587136,-7.052821843405206e-16,-5.230612356562884e-15,5.277947383611973e-15,-1.704825364236242
6.945412311303872,8.799512417261735e-15,-2.91021100304966e-15,9.268265580129586e-15,-0.3194004273729769
6.968641115020607,-5.170167721998255e-15,-1.144531542956897e-15,5.295336318536899e-15,-2.923733848741206
6.991869918737342,5.549072382408122e-15,1.836801201649083e-15,5.845172620169918e-15,0.3196585460292125
7.015098722454077,-7.640555259187641e-15,5.256251621301448e-15,9.27395631729706e-15,2.539005875060646
7.038327526170812,4.900187638441375e-15,4.238582141255097e-16,4.918484998209848e-15,0.08628360134124778
7.061556329887549,1.47515300390566e-16,3.676883834222528e-15,3.679841775703988e-15,1.53069817923997
7.084785133604284,2.272588418150085e-15,-2.575639756377573e-15,3.434905860855961e-15,-0.8478245912345774
7.108013937321019,-4.106763610238139e-15,2.12214699896716e-15,4.622663218924943e-15,2.664639451880753
7.131242741037754,3.302274719878218e-15,-5.099704233525384e-15,6.075524799964484e-15,-0.9961507091904255
7.15447154475449,3.20399764203161e-16,9.649822104995699e-15,9.655139702094685e-15,1.537605859600375
7.177700348471225,-4.206722040300351e-16,-1.732202648017742e-15,1.782551855358818e-15,-1.809038042005421
7.20092915218796,1.450006369488495e-15,5.67848734038527e-15,5.860694237585936e-15,1.320787977550426
7.224157955904697,-9.949646669699236e-16,-5.437819785049938e-15,5.528095395631223e-15,-1.751765766740717
7.24738675962143,5.944087451074289e-15,1.593771936944236e-15,6.154046198478674e-15,0.261965528414282
7.270615563338166,-1.742232282094046e-15,-3.369678248479446e-15,3.793429164100225e-15,-2.047976696161643
7.293844367054902,9.545365623477232e-16,9.688486249731675e-16,1.360076360713253e-15,0.7928391058447425
7.317073170771637,-2.391649430077469e-15,1.771718471142104e-15,2.976402751204211e-15,2.504009757294351
7.340301974488373,2.902688957482958e-15,4.195810242472153e-15,5.102002231940685e-15,0.965590523040422
7.363530778205107,-1.126971907524501e-14,-1.855218598852634e-15,1.142140114366315e-14,-2.978436206783571
7.386759581921843,1.835353651567583e-15,-2.140474948938157e-15,2.819602105502524e-15,-0.8619921055296317
7.409988385638578,-5.917072768468961e-15,1.555699580868742e-15,6.118165683705543e-15,2.884494156228026
7.433217189355314,5.6309226854957e-15,-6.203529598123636e-15,8.378011086458773e-15,-0.8337452001155015
7.45644599307205,-5.238958963127435e-15,3.259865018298069e-16,5.249091180071891e-15,3.079449246063337
7.479674796788785,7.865800670748759e-16,4.0434815154538e-16,8.844238969960514e-16,0.4748310331866057
7.50290360050552,-7.54850389136556e-15,1.45547994673203e-15,7.687544007893554e-15,2.951113258830248
7.526132404222255,6.511226725430413e-15,-6.09658273942975e-15,8.919887587221715e-15,-0.7525221440166654
7.549361207938991,-3.816282805716821e-15,2.273593148457308e-15,4.44221119015315e-15,2.60429576191442
7.572590011655726,2.080525924229384e-15,-1.36500689005555e-15,2.488339191366333e-15,-0.5806427069630486
7.595818815372462,-3.353220514023315e-15,4.549067650397023e-15,5.651380743106544e-15,2.206004822105604
7.619047619089196,-2.524534537992831e-15,-8.57378387449257e-15,8.937731510849244e-15,-1.857151902145061
7.642276422805931,3.743370527247609e-15,1.356526694733924e-15,3.981581039962867e-15,0.3476618852176819
7.665505226522668,-1.558218006326337e-15,-1.874586011073584e-15,2.437645599375019e-15,-2.264293860619672
7.688734030239403,2.399143136768707e-15,-2.713062766764657e-15,3.62168432736884e-15,-0.8467270617536735
7.711962833956139,-6.987400586157659e-15,-5.458997154275332e-15,8.867041044329419e-15,-2.478381622811043
7.735191637672873,6.182143951121261e-15,3.886360437559927e-15,7.302239470396474e-15,0.561214587084404
7.758420441389609,-2.989026381412963e-15,-8.115655920710066e-16,3.09724351948894e-15,-2.876469268120062
7.781649245106344,2.991181251050249e-15,-1.753613526005921e-16,2.996317219624858e-15,-0.05855909229663846
7.804878048823079,-4.033896990925382e-15,-6.880308940392789e-16,4.092152421959542e-15,-2.972656006285907
7.828106852539815,1.098262175630264e-14,-3.37793158552625e-15,1.149036128407232e-14,-0.2983877480219801
7.851335656256551,-5.309279913132348e-15,1.749247507104904e-15,5.590019681280502e-15,2.823323280361548
7.874564459973285,2.303538986620163e-15,-1.460139403945411e-15,2.727324502480977e-15,-0.5649508270345178
7.897793263690021,-3.025331557851073e-15,1.058876981473623e-15,3.205284932236803e-15,2.804914613819145
7.921022067406756,7.7600141018938e-16,-1.498232307187449e-15,1.687269461264599e-15,-1.092896270734215
7.944250871123492,-3.307510754906384e-15,4.006140447826532e-15,5.195073501071295e-15,2.260959392253017
7.967479674840227,1.19972585777543e-16,-3.789203724221657e-15,3.791102515758896e-15,-1.53914521240171
7.990708478556962,2.723070007739642e-15,2.62194439313905e-15,3.780172306623665e-15,0.7664808053559518
8.013937282273698,4.244273269151239e-15,-3.678154188557438e-15,5.61628647934152e-15,-0.7140616380847433
8.037166085990433,5.653768102314803e-15,3.083195892370246e-15,6.439812937149735e-15,0.499254346663293
8.060394889707169,9.082004610745313e-16,-4.957245682278901e-15,5.039753251099581e-15,-1.389599102111302
8.083623693423904,6.945117507496401e-15,5.426521246761385e-15,8.813727363294473e-15,0.6632609469260996
8.10685249714064,-4.86626796264595e-15,-5.666482137665712e-15,7.469242511845424e-15,-2.280366253853757
8.130081300857373,3.881506594865697e-15,3.676479571016665e-15,5.346269305047099e-15,0.7582776117807772
8.153310104574109,-3.80886940142449e-15,-2.495921163377939e-15,4.553801551550709e-15,-2.561506302395129
8.176538908290846,7.076047477417497e-15,-1.611346541198676e-15,7.257195434773646e-15,-0.2239003879209749
8.199767712007581,-9.894866203346749e-16,1.223751838401764e-15,1.573738330794874e-15,2.250739889473765
8.222996515724317,5.732035978132783e-15,2.651843552211311e-15,6.315735165443003e-15,0.4333118176090286
8.24622531944105,-6.207584284705391e-15,1.973927815122902e-15,6.513869331744169e-15,2.833717271744435
8.269454123157786,2.70696377092837e-15,-1.941800000232886e-15,3.331402121933522e-15,-0.6222657320577329
8.292682926874521,-4.327643554993832e-15,2.997506653492582e-15,5.264365572109516e-15,2.535822194763626
8.315911730591257,6.24369664734965e-15,-4.447076239289141e-15,7.665522480703798e-15,-0.618900565582473
8.339140534307992,-7.849973010258135e-16,6.141216851771723e-15,6.191184473354255e-15,1.697931286155556
8.362369338024729,6.276470689221093e-16,-5.827128411594065e-15,5.86083324863737e-15,-1.463498782720886
8.385598141741463,-6.824760721565145e-16,5.180489262838396e-15,5.225250481216196e-15,1.701781730927341
8.408826945458198,1.500666182615445e-15,-1.353399340275539e-15,2.020813887002927e-15,-0.7338449133067922
8.432055749174934,1.024746189294457e-15,1.810053495616644e-15,2.079999617660432e-15,1.055645016413228
8.455284552891669,-1.068038696173425e-15,-5.492658571602359e-15,5.595534365967267e-15,-1.762848159899734
8.478513356608405,1.540598914175755e-15,6.696313343228354e-15,6.871248605970942e-15,1.34466456235156
8.50174216032514,-1.892669663633192e-15,-5.551314066883365e-15,5.865090478825923e-15,-1.899377937681427
8.524970964041875,3.594895093377178e-15,3.732076347486575e-15,5.181859183329478e-15,0.8041187533854863
8.548199767758611,-5.326487530750222e-15,-4.661100658562081e-15,7.07794664888663e-15,-2.422717563975348
8.571428571475346,3.91424358322609e-15,3.614170554287566e-16,3.930893679149999e-15,0.0920727539696316
8.594657375192082,-4.341964576573531e-15,-1.408971649027938e-17,4.341987437145591e-15,-3.138347655435894
8.617886178908817,5.281832705170339e-15,3.091454500101868e-16,5.290872105302587e-15,0.05846325927448662
8.641114982625552,-6.429005852443735e-15,1.856503765635392e-15,6.691690554902713e-15,2.860470222755726
8.664343786342288,5.496733687350874e-15,-2.207041071424641e-15,5.923268651733869e-15,-0.3818148693365017
8.687572590059023,-3.345460986239801e-15,-6.022262297148726e-16,3.399233096186428e-15,-2.963487192508705
8.710801393775759,5.07717915138516e-15,-5.546379686336399e-15,7.519313516556227e-15,-0.8295355206016684
8.734030197492494,-2.778932630301427e-15,4.424850568118008e-15,5.225109483439391e-15,2.131570535441648
8.757259001209228,1.782090757347717e-15,-5.28214903380353e-15,5.574670024560711e-15,-1.245408320673835
8.780487804925963,1.99401440878416e-15,6.737697545349483e-15,7.026568271570929e-15,1.283060237604301
8.8037166086427,-5.271257999371863e-16,-3.999559180560879e-15,4.034146160932722e-15,-1.701837050599465
8.826945412359436,3.517514628308487e-15,6.147863598821371e-15,7.083017435392705e-15,1.051104762181173
8.850174216076171,-1.695841421925829e-15,-6.648598808219271e-15,6.861468082048777e-15,-1.820538677893613
8.873403019792907,3.572014543209525e-15,3.55163027217163e-15,5.037198178264012e-15,0.7825366766262862
8.89663182350964,-6.375269660306936e-15,-9.729552394941879e-16,6.449085604927982e-15,-2.990147237494676
8.919860627226377,3.061488434203408e-15,1.172929764868039e-15,3.278486795165512e-15,0.3658740090920714
8.943089430943111,-4.518455444753045e-15,-4.143341498906411e-15,6.130556123450666e-15,-2.399474159142022
8.966318234659848,4.748758632503378e-15,2.180926104727746e-15,5.225624099000835e-15,0.4305297568619739
8.989547038376584,-6.513059363620888e-15,8.342883354482242e-16,6.566275908055851e-15,3.014191746909451
9.012775842093319,4.768556064434461e-15,-1.819340496044436e-15,5.103834517321451e-15,-0.3644820490400945
9.036004645810053,-2.228414675993376e-15,3.872272852906358e-15,4.467698402481775e-15,2.09299108887827
9.05923344952679,2.170816108676554e-15,-4.619366882207542e-15,5.104017336385667e-15,-1.131486209671172
9.082462253243524,-3.583499555688888e-15,4.48078592864096e-15,5.737500466573339e-15,2.245383587621514
9.105691056960259,3.55202318417146e-15,-3.921202528629332e-15,5.290812600293138e-15,-0.8347583037417443
9.128919860676994,2.072035147254875e-16,5.080373846203267e-15,5.084597497708228e-15,1.530033826545307
9.152148664393732,2.558758509477767e-15,-3.243627048012998e-15,4.131387362185541e-15,-0.9028868092494606
9.175377468110465,-1.125644333307973e-15,4.442245199049801e-15,4.582643077263311e-15,1.818968063545887
9.198606271827202,-1.482331237433223e-15,-4.882276521962672e-15,5.102345532632833e-15,-1.865566110974545
9.221835075543936,-1.473158028724787e-15,4.795519781962431e-15,5.016692591418105e-15,1.868840579257884
9.245063879260671,-2.900949154209274e-15,-3.929807152483438e-15,4.884556300322219e-15,-2.206696883299687
9.268292682977407,3.529859600461573e-15,9.545637270170771e-16,3.656651570481861e-15,0.2641082960902318
9.291521486694142,-2.505104154266687e-15,-4.178368352190184e-15,4.871787034580712e-15,-2.110878437237624
9.314750290410878,3.028259615110368e-15,7.950316242473415e-16,3.130883514291415e-15,0.2567433866100157
9.337979094127615,-4.78980084538364e-15,-3.199863626823721e-15,5.760322852818867e-15,-2.552627603192783
9.361207897844348,4.800906839205449e-15,2.946543518298323e-15,5.633012088035629e-15,0.5504665199684502
9.384436701561084,-4.003182322517225e-15,2.673341523989043e-15,4.813753588541738e-15,2.552803017138188
9.407665505277819,4.211414007210433e-15,-1.95253746325487e-15,4.642026549422353e-15,-0.4341305659990975
9.430894308994555,-4.955056898860816e-15,3.892613244751449e-15,6.301192485884126e-15,2.475703998239504
9.45412311271129,2.133332036691897e-15,-4.850411884655969e-16,2.187777532859343e-15,-0.2235626240515494
9.477351916428026,-4.181409931665554e-15,6.481064116810284e-16,4.231339142339384e-15,2.987819185816259
9.500580720144759,1.425051164008392e-15,-1.469849827226159e-15,2.047249211659011e-15,-0.8008719525851562
9.523809523861496,-1.180147332686362e-15,2.43171211543368e-15,2.702956074225713e-15,2.022627392340198
9.54703832757823,2.909069953259667e-15,-6.716004468913748e-15,7.318975612708901e-15,-1.162038768599629
9.570267131294967,-4.120668635023372e-15,3.845616953173475e-15,5.636371150855896e-15,2.390707747279943
9.593495935011703,2.166472467780204e-15,-5.58950849417305e-15,5.994681656275196e-15,-1.201028366371037
9.616724738728438,-5.831639844360855e-16,3.185104965001134e-15,3.238050937032685e-15,1.751881617145857
9.639953542445172,-3.828399051018874e-15,-2.64436952954039e-15,4.652883998403987e-15,-2.537118931089265
9.663182346161909,2.502480938933135e-15,1.119284106876763e-15,2.741387926148099e-15,0.4205811573395662
9.686411149878642,-2.06789949162493e-15,-3.246562856388796e-15,3.849204942315494e-15,-2.137943066948601
9.70963995359538,-3.273879311066129e-16,4.929090515964048e-15,4.93995102931203e-15,1.63711845465062
9.732868757312113,-3.847265340974387e-15,-2.670016898843987e-15,4.682994858418619e-15,-2.534902307823774
9.756097561028851,1.579709282901682e-15,3.021709344951752e-15,3.409722684303592e-15,1.089086021662692
9.779326364745584,-4.143290834783526e-15,1.540090429460186e-15,4.420264412059082e-15,2.785712070609379
9.802555168462321,4.746743702660435e-15,8.462796656661693e-16,4.8215936215391e-15,0.1764325850159857
9.825783972179055,-5.295129456539981e-15,-1.818725463483183e-15,5.59876399511888e-15,-2.810745767484358
9.849012775895792,4.872922498304705e-15,-9.230390587973073e-16,4.95957405212883e-15,-0.1872040922590185
9.872241579612526,-9.825345468021766e-16,2.858600961234089e-15,3.022742726602484e-15,1.90185813512493
9.895470383329261,-7.778494802086865e-16,-5.312061220128236e-15,5.368709735145979e-15,-1.716193819347176
9.918699187045997,-4.165988303103343e-15,4.930614467520552e-15,6.454952948621457e-15,2.272335386958689
9.941927990762734,9.327895254406396e-17,-5.076308426722284e-15,5.077165371169171e-15,-1.552423042870094
9.965156794479467,-3.298230669436272e-15,8.017154351254292e-15,8.669088155085612e-15,1.961088655244036
9.988385598196203,2.703135553551219e-15,-3.454348864933888e-15,4.386281785469635e-15,-0.9067982633141907
