time_ps,trace
2.654999999999999,-0.000434005898409847
2.685,-0.000433587668403815
2.715,-0.000433166788666222
2.744999999999999,-0.0004327432592640796
2.774999999999999,-0.0004323171560203261
2.804999999999999,-0.0004318886229511082
2.835,-0.0004314578638973354
2.865,-0.000431025133578951
2.894999999999999,-0.0004305907283001456
2.924999999999999,-0.0004301549765246656
2.955,-0.0004297182295296454
2.984999999999999,-0.0004292808523291916
3.015,-0.0004288432150402737
3.044999999999999,-0.0004284056848397417
3.074999999999999,-0.0004279686186381393
3.105,-0.0004275323565684632
3.134999999999999,-0.0004270972163637239
3.165,-0.0004266634886690929
3.194999999999999,-0.000426231433311502
3.225,-0.000425801276524221
3.254999999999999,-0.0004253732091044317
3.284999999999999,-0.0004249473854610079
3.315,-0.0004245239234959108
3.345,-0.000424102905246514
3.375,-0.0004236843782089905
3.404999999999999,-0.000423268357252398
3.435,-0.0004228548270313633
3.464999999999999,-0.0004224437448006431
3.495,-0.0004220350435377271
3.524999999999999,-0.0004216286352794072
3.554999999999999,-0.0004212244145856422
3.585,-0.0004208222620462847
3.614999999999999,-0.0004204220477572523
3.644999999999999,-0.0004200236346962019
3.674999999999999,-0.0004196268819412306
3.704999999999999,-0.0004192316476798601
3.734999999999999,-0.0004188377919702729
3.764999999999999,-0.000418445179219792
3.795,-0.0004180536803611088
3.825,-0.0004176631747073288
3.854999999999999,-0.0004172735514843229
3.885,-0.0004168847110340516
3.915,-0.0004164965657042402
3.944999999999999,-0.0004161090404247202
3.975,-0.0004157220730052149
4.004999999999999,-0.0004153356141531491
4.034999999999999,-0.0004149496272529363
4.065,-0.000414564087932202
4.095,-0.000414178983426332
4.124999999999999,-0.0004137943117873154
4.154999999999999,-0.0004134100809533826
4.185,-0.0004130263077133901
4.214999999999999,-0.0004126430165857349
4.244999999999999,-0.000412260238640986
4.274999999999999,-0.0004118780102862669
4.304999999999999,-0.0004114963720359121
4.335,-0.0004111153672830318
4.364999999999999,-0.0004107350410920774
4.395,-0.0004103554390238617
4.425,-0.0004099766060095062
4.454999999999999,-0.0004095985852827536
4.484999999999999,-0.0004092214173853766
4.515,-0.0004088451392544193
4.544999999999999,-0.0004084697834062973
4.574999999999999,-0.0004080953772284323
4.605,-0.0004077219423949985
4.635,-0.00040734949442152
4.664999999999999,-0.0004069780423784254
4.694999999999999,-0.0004066075887826839
4.725,-0.0004062381296920436
4.754999999999999,-0.0004058696550246876
4.784999999999999,-0.0004055021491317015
4.815,-0.0004051355916460978
4.844999999999999,-0.0004047699586337663
4.874999999999999,-0.0004044052240653514
4.904999999999999,-0.0004040413616244072
4.935,-0.0004036783468558291
4.964999999999999,-0.0004033161596481578
4.994999999999999,-0.0004029547870246101
5.024999999999999,-0.0004025942261992574
5.054999999999999,-0.0004022344878270432
5.084999999999999,-0.000401875599348554
5.115,-0.0004015176082940488
5.144999999999999,-0.0004011605853750208
5.174999999999999,-0.0004008046271479684
5.205,-0.0004004498579940474
5.234999999999999,-0.0004000964311132734
5.264999999999999,-0.0003997445281923618
5.295,-0.0003993943573691638
5.324999999999999,-0.0003990461490910946
5.354999999999999,-0.0003987001494502052
5.385,-0.0003983566105851154
5.415,-0.0003980157777661615
5.444999999999999,-0.0003976778728409593
5.474999999999999,-0.0003973430738093942
5.505,-0.000397011490435613
5.534999999999999,-0.0003966831359856733
5.564999999999999,-0.0003963578954183094
5.595,-0.000396035490647254
5.624999999999999,-0.0003957154438459871
5.654999999999998,-0.0003953970401734453
5.685,-0.000395079291762155
5.715,-0.0003947609053163418
5.744999999999999,-0.000394440256207936
5.774999999999999,-0.000394115372507853
5.805,-0.0003937839329302692
5.834999999999999,-0.0003934432831562934
5.864999999999999,-0.0003930904754082225
5.895,-0.0003927223364092379
5.925,-0.0003923355689346884
5.954999999999999,-0.0003919268919686904
5.984999999999999,-0.0003914932239601615
6.015,-0.000391031912740219
6.044999999999999,-0.0003905410142517882
6.074999999999999,-0.0003900196202657348
6.105,-0.0003894682326582336
6.134999999999999,-0.0003888891785359959
6.164999999999999,-0.0003882870564907533
6.194999999999999,-0.0003876691995281061
6.225,-0.0003870461347805908
6.255,-0.000386432014052702
6.284999999999999,-0.000385844982692687
6.315,-0.0003853074474394569
6.345,-0.0003848461970375732
6.374999999999999,-0.0003844923229114809
6.404999999999999,-0.000384280881513285
6.434999999999999,-0.0003842502356650212
6.465,-0.0003844410099808624
6.494999999999999,-0.0003848945960360338
6.524999999999999,-0.000385651147206875
6.555,-0.0003867470119543398
6.584999999999999,-0.0003882115687272468
6.614999999999999,-0.0003900634465776524
6.645,-0.0003923061439189296
6.674999999999999,-0.0003949230944048373
6.704999999999999,-0.0003978722742598473
6.734999999999999,-0.0004010804998419025
6.765,-0.0004044376276751299
6.794999999999999,-0.000407790941023907
6.824999999999999,-0.0004109400860301581
6.855,-0.0004136330044425775
6.884999999999999,-0.0004155633960643233
6.914999999999999,-0.0004163703282146251
6.944999999999999,-0.0004156406865727551
6.974999999999999,-0.0004129152253393274
7.004999999999999,-0.0004076990170317387
7.034999999999999,-0.0003994771144812786
7.065,-0.0003877362096109203
7.094999999999999,-0.0003719929942442699
7.125,-0.000351829785735152
7.154999999999999,-0.0003269377625471612
7.184999999999999,-0.0002971678502826251
7.215,-0.0002625888963196944
7.244999999999999,-0.0002235522623517833
7.274999999999999,-0.000180761342944362
7.304999999999999,-0.0001353437832090994
7.335,-8.892332402717793e-05
7.364999999999998,-4.368726037112472e-05
7.394999999999999,-2.444477529186703e-06
7.425,3.13320376132122e-05
7.454999999999998,5.348538442996267e-05
7.484999999999999,5.918582784172063e-05
7.515,4.298185425688034e-05
7.544999999999998,-1.099030528314404e-06
7.575,-7.938963254878429e-05
7.605,-0.0001983524728981245
7.634999999999998,-0.0003642698457439002
7.665,-0.0005828464653572714
7.694999999999999,-0.0008587188493251152
7.725,-0.001194868809903101
7.755,-0.001591942804928968
7.784999999999999,-0.002047484559168811
7.815,-0.002555095402124959
7.845,-0.003103545231095029
7.874999999999998,-0.003675866890527022
7.904999999999999,-0.004248477974447162
7.935,-0.00479038642481237
7.964999999999998,-0.005262549514948952
7.994999999999999,-0.005617469436862667
8.024999999999999,-0.005799122161528967
8.054999999999998,-0.005743328746849372
8.085000000000001,-0.005378688875839497
8.114999999999998,-0.004628203965233924
8.144999999999998,-0.003411720329610764
8.175000000000001,-0.001649320035022871
8.204999999999998,0.0007342235920708008
8.234999999999999,0.003803829410603003
8.265000000000001,0.007607267380336943
8.294999999999998,0.0121670775608856
8.324999999999999,0.01747130060417191
8.355,0.02346316109603205
8.384999999999998,0.03002996407073843
8.414999999999999,0.03699162095156575
8.445,0.04408942485690141
8.474999999999998,0.05097596106322119
8.504999999999999,0.0572073846936619
8.535,0.06223974515697217
8.564999999999998,0.06543160362186672
8.594999999999999,0.06605587855595073
8.625,0.06332462537101534
8.654999999999998,0.05643117735171927
8.685,0.04461443984091659
8.715,0.02724954491103194
8.744999999999997,0.003966552245131141
8.775,-0.02520694500960787
8.805,-0.05969395539741228
8.834999999999999,-0.0982370657777657
8.865,-0.1388358936470869
8.895,-0.1788119345331907
8.924999999999999,-0.2150508957270073
8.955,-0.2444304591451659
8.984999999999999,-0.2643672663206361
9.014999999999999,-0.2733396418085677
9.045,-0.2712122523866006
9.074999999999998,-0.2592419161905659
9.104999999999999,-0.2397639461662103
9.135,-0.2156787138519611
9.164999999999997,-0.1899114824484118
9.195,-0.1649886825896707
9.225,-0.142796940228596
9.254999999999997,-0.1245173119256148
9.285,-0.1106851861292598
9.315,-0.1013175084248247
9.344999999999999,-0.09606021806279487
9.375,-0.09432621906193747
9.404999999999999,-0.09540955493744512
9.434999999999999,-0.09857185987242699
9.465,-0.1031029015822681
9.494999999999999,-0.1083594867835458
9.524999999999999,-0.1137875365427271
9.555,-0.1189317403925268
9.584999999999999,-0.1234364551802309
9.614999999999998,-0.1270407308582127
9.645,-0.1295696506602634
9.674999999999999,-0.1309236051673374
9.704999999999998,-0.1310666744998144
9.734999999999999,-0.1300149510153068
9.764999999999999,-0.1278253748162861
9.795,-0.1245854571598096
9.824999999999999,-0.120404117611379
9.854999999999999,-0.1154037483416339
9.885,-0.1097135351380505
9.914999999999999,-0.1034640034593702
9.944999999999999,-0.09678271465890413
9.975,-0.08979100882497199
10.005,-0.08260167371709091
10.035,-0.07531741168945028
10.065,-0.06802997624406069
10.095,-0.06081985481932998
10.125,-0.05375638172018328
10.155,-0.04689817042681176
10.185,-0.04029375335417674
10.215,-0.03398231218500548
10.245,-0.02799439876475005
10.275,-0.02235263938852838
10.305,-0.01707261138466312
10.335,-0.01216424396546175
10.365,-0.007633877780957617
10.395,-0.003486313863515568
10.425,0.0002746567047469151
10.455,0.003648415383348331
10.485,0.006641532758508309
10.515,0.009270532519460833
10.545,0.01156013658369478
10.575,0.01353646465153589
10.605,0.01521839839970806
10.635,0.01661212318792003
10.665,0.01771234478766665
10.695,0.01850996245228622
10.725,0.01900251957805542
10.755,0.01920248695848217
10.785,0.01913972557472068
10.815,0.01885729118522235
10.845,0.01840253704887586
10.875,0.01781706212081345
10.905,0.0171290446464183
10.935,0.01635022687851084
10.965,0.0154779951097735
10.995,0.0145013601885089
11.025,0.0134086704953777
11.055,0.01219473125632582
11.085,0.01086552652420726
11.115,0.009439647131595402
11.145,0.007946492746606002
11.175,0.006422079581537132
11.205,0.004903704338117832
11.235,0.00342476640149312
11.265,0.002010803087701736
11.295,0.0006773666664475613
11.325,-0.0005701033211897355
11.355,-0.001734674468783256
11.385,-0.00282513009657896
11.415,-0.003852667081513403
11.445,-0.004827737038571913
11.475,-0.00575755057812464
11.505,-0.006644564238852659
11.535,-0.007486052311757881
11.565,-0.008274671581725786
11.595,-0.008999783459814789
11.625,-0.00964921809177594
11.655,-0.01021114873676909
11.685,-0.01067578171677044
11.715,-0.01103664083277705
11.745,-0.01129131697293452
11.775,-0.01144164806875102
11.805,-0.01149337953253228
11.835,-0.01145541998631797
11.865,-0.01133884240792198
11.895,-0.01115578539577961
11.925,-0.01091839236115042
11.955,-0.01063790089764909
11.985,-0.01032396627065631
12.015,-0.009984269458284831
12.045,-0.009624419096907253
12.075,-0.00924811347939131
12.105,-0.008857495137857415
12.135,-0.008453616077229725
12.165,-0.00803693707697891
12.195,-0.007607801801541448
12.225,-0.007166845403630796
12.255,-0.006715311269565287
12.285,-0.006255258061981309
12.315,-0.005789645945215707
12.345,-0.005322299789065588
12.375,-0.004857759487513387
12.405,-0.004401041232579058
12.435,-0.003957344737909668
12.465,-0.00353174650029703
12.495,-0.003128916791446652
12.525,-0.002752889280822997
12.555,-0.002406899901234392
12.585,-0.002093299185579274
12.615,-0.001813532520640381
12.645,-0.001568176884510573
12.675,-0.001357020531535715
12.705,-0.001179172657469294
12.735,-0.001033191882019137
12.765,-0.0009172242283304311
12.795,-0.0008291425202765867
12.825,-0.0007666797156569844
12.855,-0.0007275490208515556
12.885,-0.0007095442072202198
12.915,-0.000710614776839053
12.945,-0.0007289126419721596
12.975,-0.0007628096251925573
13.005,-0.0008108879636856658
13.035,-0.0008719086246009709
13.065,-0.0009447641661508633
13.095,-0.001028423825890852
13.125,-0.001121878409507166
13.155,-0.001224091515471658
13.185,-0.001333961926181459
13.215,-0.001450299959922845
13.245,-0.001571818559650522
13.275,-0.001697138189311173
13.305,-0.001824803389129661
13.335,-0.001953308140400959
13.365,-0.002081126947420602
13.395,-0.002206748668119933
13.425,-0.002328710517765029
13.455,-0.002445630217556533
13.485,-0.002556234833565858
13.515,-0.002659385341380745
13.545,-0.002754096307041971
13.575,-0.002839550312908129
13.605,-0.002915106935459314
13.635,-0.002980306254304647
13.665,-0.003034867059673663
13.695,-0.003078680120348016
13.725,-0.003111797054554143
13.755,-0.003134415498703266
13.785,-0.003146861390885239
13.815,-0.003149569280152669
13.845,-0.003143061635704127
13.875,-0.003127928149167115
13.905,-0.003104805980661964
13.935,-0.003074361783089271
13.965,-0.003037276151507243
13.995,-0.002994230904918667
14.025,-0.002945899347982671
14.055,-0.002892939414950662
14.085,-0.002835989396296884
14.115,-0.002775665806941911
14.145,-0.002712562877593902
14.175,-0.002647253131360709
14.205,-0.002580288534786965
14.235,-0.002512201773021884
14.265,-0.002443507281598365
14.295,-0.00237470176313318
14.325,-0.002306264018621467
14.355,-0.002238654023030647
14.385,-0.00217231126691488
14.415,-0.002107652463396921
14.445,-0.002045068777904341
14.475,-0.001984922773390658
14.505,-0.001927545276090903
14.535,-0.001873232358616848
14.565,-0.001822242613174029
14.595,-0.001774794853936418
14.625,-0.001731066350227785
14.655,-0.001691191656053912
14.685,-0.001655262069938426
14.715,-0.001623325733400281
14.745,-0.001595388356794009
14.775,-0.001571414546513512
14.805,-0.001551329696101537
14.835,-0.001535022394021167
14.865,-0.001522347291784548
14.895,-0.001513128367590189
14.925,-0.001507162512988759
14.955,-0.001504223363964325
14.985,-0.001504065293763966
15.015,-0.001506427483251861
15.045,-0.001511037985796845
15.075,-0.0015176177077968
15.105,-0.001525884232750182
15.135,-0.001535555425843345
15.165,-0.001546352766693538
15.195,-0.001558004369434071
15.225,-0.001570247661125151
15.255,-0.001582831701027699
15.285,-0.00159551913427932
15.315,-0.001608087783696993
15.345,-0.001620331892578991
15.375,-0.001632063039208205
15.405,-0.001643110750021684
15.435,-0.001653322842880629
15.465,-0.001662565534459667
15.495,-0.001670723346484199
15.525,-0.001677698844551658
15.555,-0.001683412240809953
15.585,-0.001687800888179126
15.615,-0.001690818689430049
15.645,-0.001692435439676619
15.675,-0.001692636116053959
15.705,-0.00169142012391409
15.735,-0.001688800505056129
15.765,-0.001684803110562969
15.795,-0.001679465738845129
15.825,-0.001672837238531869
15.855,-0.001664976575797761
15.885,-0.001655951866427361
15.915,-0.00164583937417386
15.945,-0.001634722478558097
15.975,-0.001622690616951804
16.005,-0.001609838207442287
16.035,-0.001596263560428455
16.065,-0.001582067788086542
16.095,-0.001567353721691706
16.125,-0.001552224847293277
16.155,-0.00153678427039585
16.185,-0.001521133720136874
16.215,-0.001505372602983844
16.245,-0.001489597115261019
16.275,-0.001473899422880459
16.305,-0.001458366915563799
16.335,-0.001443081541623877
16.365,-0.001428119228096188
16.395,-0.001413549389683751
16.425,-0.001399434528663488
16.45499999999999,-0.001385829926600139
16.485,-0.001372783427472098
16.515,-0.001360335310626769
16.545,-0.001348518250891213
16.575,-0.001337357362154317
16.605,-0.001326870319849644
16.635,-0.001317067556982258
16.665,-0.001307952527696258
16.695,-0.001299522031845946
16.725,-0.001291766593640307
16.755,-0.00128467088715041
16.785,-0.001278214201319576
16.815,-0.001272370937062967
16.845,-0.001267111129107792
16.875,-0.001262400985361928
16.905,-0.001258203436836926
16.935,-0.001254478691440673
16.965,-0.001251184785328745
16.995,-0.001248278125911534
17.025,-0.001245714021091541
17.055,-0.001243447189799118
17.085,-0.001241432249442944
17.115,-0.001239624176437957
17.145,-0.001237978736554837
17.175,-0.001236452882395872
17.205,-0.001235005115877482
17.235,-0.001233595814135604
17.265,-0.001232187517803665
17.295,-0.001230745181089484
17.325,-0.001229236383541995
17.355,-0.001227631503795297
17.385,-0.001225903855956396
17.415,-0.001224029789612663
17.445,-0.001221988754727253
17.475,-0.001219763332915699
17.505,-0.001217339236811425
17.535,-0.001214705279380159
17.565,-0.001211853315193136
17.595,-0.001208778155763263
17.625,-0.001205477461148116
17.655,-0.001201951610073736
17.685,-0.001198203550895136
17.715,-0.001194238635724531
17.745,-0.00119006444009135
17.775,-0.001185690570484261
17.805,-0.001181128462131805
17.835,-0.001176391169338036
17.865,-0.001171493150669795
17.895,-0.001166450051223877
17.925,-0.001161278484155892
17.955,-0.001155995813553409
17.985,-0.001150619940662977
18.015,-0.001145169095349866
18.045,-0.001139661634569998
18.075,-0.001134115849474025
18.105,-0.001128549782641097
18.135,-0.001122981056756132
18.165,-0.001117426715905483
18.195,-0.001111903080464078
18.225,-0.001106425616400743
18.255,-0.001101008819615919
18.285,-0.001095666115781414
18.315,-0.001090409775937198
18.345,-0.001085250847965813
18.375,-0.001080199103856249
18.405,-0.001075263002553808
18.435,-0.001070449667993308
18.465,-0.00106576488182774
18.495,-0.00106121309017522
18.525,-0.001056797423661504
18.555,-0.00105251972985417
18.585,-0.001048380617190651
18.615,-0.001044379509313237
18.645,-0.001040514708828132
18.675,-0.001036783469182991
18.705,-0.0010331820738319
18.735,-0.00102970592111115
18.765,-0.001026349613937374
18.795,-0.001023107053128232
18.825,-0.001019971533102774
18.855,-0.001016935838950744
18.885,-0.001013992343741174
18.915,-0.001011133105109479
18.945,-0.001008349960127935
18.975,-0.001005634617609943
19.005,-0.001002978747002627
19.035,-0.001000374063159678
19.065,-0.0009978124063132329
19.095,-0.0009952858166955418
19.125,-0.0009927866033012883
19.155,-0.0009903074064078086
19.185,-0.0009878412535179483
19.215,-0.0009853816085083806
19.245,-0.0009829224138162272
19.275,-0.0009804581256059816
19.305,-0.0009779837419054669
19.335,-0.0009754948237993031
19.365,-0.0009729875098084593
19.395,-0.0009704585236726162
19.425,-0.0009679051757842063
19.455,-0.0009653253585977507
19.485,-0.0009627175363611741
19.515,-0.0009600807295762374
19.545,-0.0009574144946080839
19.575,-0.0009547188989107517
19.605,-0.0009519944923374244
19.635,-0.0009492422750371671
19.665,-0.0009464636624321381
19.695,-0.0009436604477892436
19.725,-0.0009408347628821301
19.755,-0.0009379890372490072
19.785,-0.0009351259565242267
19.815,-0.0009322484203211655
19.845,-0.0009293595001098595
19.875,-0.0009264623975230816
19.905,-0.0009235604034852755
19.935,-0.000920656858542709
19.965,-0.0009177551147291331
19.995,-0.0009148584992807647
20.025,-0.0009119702804677095
20.055,-0.0009090936357867999
20.085,-0.0009062316227098146
20.115,-0.0009033871521615702
20.145,-0.0009005629648503239
20.175,-0.0008977616105521293
20.205,-0.0008949854304028082
20.235,-0.0008922365422309415
20.265,-0.0008895168289209155
20.295,-0.0008868279297760861
20.325,-0.0008841712348132947
20.355,-0.0008815478819033922
20.385,-0.0008789587566388323
20.415,-0.00087640449479684
20.445,-0.0008738854872378918
20.475,-0.0008714018870719802
20.505,-0.0008689536189010749
20.535,-0.000866540389944121
20.565,-0.0008641617028320394
20.595,-0.0008618168698633519
20.625,-0.0008595050284974322
20.655,-0.0008572251578691502
20.685,-0.0008549760961016944
20.715,-0.000852756558204406
20.745,-0.0008505651543396047
20.775,-0.0008484004082572349
20.805,-0.0008462607756964487
20.835,-0.0008441446625714228
20.865,-0.0008420504427621315
20.895,-0.0008399764753517332
20.925,-0.0008379211211576391
20.955,-0.0008358827584260857
20.985,-0.0008338597975675669
21.015,-0.0008318506948335015
21.045,-0.0008298539648434149
21.075,-0.0008278681918950182
21.105,-0.0008258920399986914
21.135,-0.0008239242616005872
21.165,-0.0008219637049669846
21.195,-0.0008200093202244491
21.225,-0.000818060164057909
21.255,-0.0008161154030886446
21.285,-0.0008141743159603334
21.315,-0.0008122362941798178
21.345,-0.0008103008417629914
21.375,-0.0008083675737523056
21.405,-0.0008064362136747577
21.435,-0.0008045065900223637
21.465,-0.000802578631837362
21.495,-0.0008006523634950638
21.525,-0.0007987278987754524
21.555,-0.000796805434322564
21.585,-0.0007948852425867693
21.615,-0.0007929676643510158
21.645,-0.0007910531009357439
21.675,-0.0007891420061810447
21.705,-0.0007872348782970429
21.735,-0.0007853322516748573
21.765,-0.0007834346887416794
21.795,-0.0007815427719437412
21.825,-0.0007796570959301709
21.855,-0.00077777826001062
21.885,-0.0007759068609476291
21.915,-0.0007740434861435627
21.945,-0.0007721887072699709
21.975,-0.0007703430743855685
22.005,-0.0007685071105768682
22.035,-0.0007666813071534884
22.065,-0.0007648661194187544
22.095,-0.0007630619630339272
22.125,-0.0007612692109834785
22.155,-0.0007594881911470785
22.185,-0.0007577191844735013
22.215,-0.0007559624237507361
22.245,-0.0007542180929562833
22.275,-0.0007524863271717877
22.305,-0.0007507672130365801
22.335,-0.0007490607897147842
22.365,-0.0007473670503427609
22.395,-0.0007456859439231558
22.425,-0.0007440173776251246
22.455,-0.0007423612194500228
22.485,-0.000740717301215158
22.515,-0.0007390854218086112
22.545,-0.0007374653506612152
22.575,-0.0007358568313826115
22.605,-0.0007342595855014223
22.635,-0.0007326733162507313
22.665,-0.0007310977123335953
22.695,-0.0007295324516046879
22.725,-0.0007279772045993012
22.755,-0.0007264316378428536
22.785,-0.0007248954168713636
22.815,-0.0007233682088978346
22.845,-0.0007218496850594874
22.875,-0.0007203395221897231
22.905,-0.0007188374040634649
22.935,-0.0007173430220792341
22.965,-0.0007158560753532922
22.995,-0.0007143762702236737
23.025,-0.0007129033191826301
23.055,-0.0007114369392882753
23.085,-0.0007099768501366114
23.115,-0.0007085227715173822
23.145,-0.000707074420917715
23.175,-0.0007056315110874342
23.205,-0.0007041937479269733
23.235,-0.0007027608290130974
23.265,-0.0007013324431236331
23.295,-0.0006999082711706403
23.325,-0.0006984879889862635
23.355,-0.0006970712724323384
23.385,-0.0006956578053105617
23.415,-0.0006942472905359272
23.445,-0.000692839464989137
23.475,-0.0006914341183840291
23.505,-0.0006900311163595864
23.535,-0.0006886304278329255
23.565,-0.0006872321564175862
23.595,-0.0006858365754200297
23.625,-0.000684444165568588
23.655,-0.0006830556542059573
23.685,-0.0006816720541861362
23.715,-0.000680294700168998
23.745,-0.0006789252794078244
23.775,-0.0006775658534960776
23.805,-0.0006762188669025445
23.835,-0.0006748871375120778
23.865,-0.0006735738238481495
23.895,-0.0006722823632396024
23.925,-0.0006710163749892496
23.955,-0.000669779522700265
23.985,-0.0006685753304597072
24.015,-0.0006674069487401768
24.045,-0.0006662768679104411
24.075,-0.0006651865804722718
24.105,-0.0006641361980323992
24.135,-0.0006631240361994683
24.165,-0.0006621461909369198
24.195,-0.0006611961445389384
24.225,-0.000660264459807827
24.255,-0.0006593386489427601
24.285,-0.0006584033409879473
24.315,-0.0006574409197898687
24.345,-0.0006564328629078673
24.375,-0.000655362075671472
24.405,-0.0006542165680047654
24.435,-0.0006529948271453194
24.465,-0.0006517131161822663
24.495,-0.0006504145138590892
24.525,-0.0006491784960379052
24.555,-0.0006481276867772855
24.585,-0.0006474241419563471
24.615,-0.0006472397564610659
24.645,-0.0006476723580198547
24.675,-0.0006485596458896924
24.705,-0.0006491199041194552
24.735,-0.0006473349256554755
24.765,-0.000639025360366912
24.795,-0.0006167338935893587
24.825,-0.0005689572910683087
24.855,-0.0004810645349371324
24.885,-0.0003402549170247755
24.915,-0.0001472828410900849
24.945,6.449844351674051e-05
24.975,0.0002090082556035651
25.005,0.0001428557658516429
25.035,-0.0003011038638797705
25.065,-0.001231131540954639
25.095,-0.002588130099683621
25.125,-0.004072693290448263
25.155,-0.005175203131229861
25.185,-0.005330924221608037
25.215,-0.004147966703422051
25.245,-0.001604908471151853
25.275,0.001877414008560027
25.305,0.005526151979400083
25.335,0.008432683959293816
25.365,0.009811911026948433
25.395,0.009216154238841244
25.425,0.006643484268373773
25.455,0.002522938118072409
25.485,-0.002402620816018067
25.515,-0.007252162644892166
25.545,-0.01119124081087031
25.575,-0.01358458154247249
25.605,-0.01409100013184543
25.635,-0.01269242932603941
25.665,-0.009663397727137155
25.695,-0.005496880378768196
25.725,-0.0008066333388014412
25.755,0.003774291587485213
25.785,0.007682777115862039
25.815,0.01049184483318407
25.845,0.01194872121211215
25.875,0.01198469329207516
25.905,0.01070052511668333
25.935,0.008333625014084677
25.965,0.005214192763732436
25.995,0.001717455952298596
26.025,-0.001781861626531238
26.055,-0.004948176886991004
26.085,-0.007513816322111278
26.115,-0.009296594790879301
26.145,-0.01020631893803762
26.175,-0.01024144625452304
26.205,-0.009477883367573133
26.235,-0.008052302687855751
26.265,-0.006142436861092919
26.295,-0.003946637815207888
26.325,-0.001664632194401714
26.355,0.0005190590979506701
26.385,0.002448067887836403
26.415,0.004002989626988685
26.445,0.005105961136846567
26.475,0.005721269973175178
26.505,0.005852591441485079
26.535,0.005537691741435933
26.565,0.004841492361777433
26.595,0.003848253206157475
26.625,0.002653434297488034
26.655,0.001355700393549269
26.685,4.95707767418584e-05
26.715,-0.001180733682980101
26.745,-0.002265779280823061
26.775,-0.003153533480386647
26.805,-0.003810222433730287
26.835,-0.004219802658379574
26.865,-0.004382499164096082
26.895,-0.004312781374452668
26.925,-0.00403699020590335
26.955,-0.003590695241843804
26.985,-0.003015811569301882
27.015,-0.002357544157116472
27.045,-0.001661311410928125
27.075,-0.0009698724555050319
27.105,-0.0003209029535171936
27.135,0.0002547808674318253
27.165,0.000734245634386269
27.195,0.00110272140810642
27.225,0.001353248903609443
27.255,0.001485865203514461
27.285,0.001506516781161941
27.315,0.001425866315058917
27.345,0.001258113251437171
27.375,0.001019895031550989
27.405,0.0007292910942713456
27.435,0.0004049238039300362
27.465,6.514112810840196e-05
27.495,-0.0002727285123485758
27.525,-0.0005930450849623398
27.555,-0.0008824308453101571
27.585,-0.001130221207929829
27.61499999999999,-0.001328763279340093
27.645,-0.001473540090888484
27.675,-0.001563112498731123
27.705,-0.001598887873518112
27.735,-0.001584741414511684
27.765,-0.001526529074753453
27.795,-0.001431538608114559
27.825,-0.001307926348115118
27.855,-0.001164182549508267
27.885,-0.001008659116883196
27.915,-0.0008491823518403773
27.945,-0.0006927616891156772
27.975,-0.0005453945591535279
28.005,-0.0004119587123961577
28.035,-0.0002961776542061406
28.065,-0.0002006426957749743
28.095,-0.0001268759128091863
28.125,-7.542070835764302e-05
28.155,-4.59494842499187e-05
28.185,-3.738055641386459e-05
28.215,-4.799886660386738e-05
28.245,-7.557729496322373e-05
28.275,-0.0001174972639162674
28.305,-0.0001708684460889392
28.335,-0.0002326474607405814
28.365,-0.0002997545523795281
28.395,-0.0003691858654175123
28.425,-0.0004381176941992364
28.455,-0.0005039985005973285
28.485,-0.0005646247357006145
28.515,-0.0006181974403755529
28.545,-0.0006633579100508838
28.575,-0.0006992020634254494
28.605,-0.0007252743411878782
28.635,-0.0007415429145369643
28.665,-0.0007483587393098721
28.695,-0.0007464016070976528
28.725,-0.0007366168386537659
28.755,-0.0007201465989109486
28.785,-0.0006982599136939528
28.815,-0.0006722852702430364
28.845,-0.0006435491685959202
28.875,-0.0006133232058844227
28.905,-0.0005827813256781963
28.935,-0.0005529678849393581
28.965,-0.000524776312606677
28.995,-0.0004989374526632597
29.025,-0.0004760162466564491
29.055,-0.0004564152111406384
29.085,-0.0004403831610839863
29.11499999999999,-0.000428027757885999
29.14499999999999,-0.0004193306559832239
29.175,-0.0004141642333630737
29.205,-0.0004123090866817597
29.235,-0.0004134716383480338
29.265,-0.0004173013411382214
29.295,-0.0004234070817515278
29.325,-0.0004313724856239745
29.355,-0.0004407699170834426
29.385,-0.0004511730528666628
29.415,-0.0004621679788717538
29.445,-0.0004733628128586051
29.47499999999999,-0.000484395885259545
29.505,-0.0004949425177862974
29.535,-0.0005047204314680022
29.565,-0.000513493800133081
29.595,-0.0005210759494574609
29.625,-0.000527330691831177
29.655,-0.0005321722890887271
29.685,-0.0005355640529661129
29.715,-0.000537515628339779
29.745,-0.000538079053784166
29.775,-0.0005373437504905981
29.80499999999999,-0.0005354306447611142
29.835,-0.0005324856724760098
29.865,-0.0005286729403252047
29.895,-0.0005241678259128027
29.925,-0.0005191502877521294
29.955,-0.0005137986291446047
29.985,-0.0005082839203273733
30.015,-0.0005027652348352767
30.045,-0.0004973858027789825
30.075,-0.0004922701299023325
30.105,-0.0004875220809227488
30.13499999999999,-0.0004832238822348757
30.16499999999999,-0.000479435964880532
30.195,-0.0004761975446528166
30.225,-0.0004735278218493299
30.255,-0.0004714276770844957
30.285,-0.000469881739856977
30.315,-0.0004688607114580188
30.345,-0.00046832383190482
30.375,-0.0004682213909655775
30.405,-0.0004684971954487517
30.435,-0.0004690909183685246
30.465,-0.0004699402699696397
30.49499999999999,-0.0004709829453951259
30.525,-0.0004721583183966369
30.555,-0.0004734088642805502
30.585,-0.0004746813076769514
30.615,-0.0004759275012879505
30.645,-0.0004771050502733217
30.675,-0.0004781777033035826
30.705,-0.0004791155356302102
30.735,-0.0004798949519610329
30.765,-0.0004804985377106708
30.79499999999999,-0.0004809147865737449
30.825,-0.0004811377306196989
30.85499999999999,-0.000481166496529142
30.885,-0.0004810048084967857
30.915,-0.0004806604550390005
30.945,-0.0004801447337699516
30.975,-0.0004794718854112367
31.005,-0.0004786585260631668
31.035,-0.0004777230851858078
31.065,-0.0004766852558053454
31.095,-0.0004755654630782625
31.125,-0.0004743843573434118
31.15499999999999,-0.000473162337967182
31.185,-0.0004719191144374421
31.215,-0.0004706733111106958
31.245,-0.0004694421216480586
31.275,-0.0004682410184262043
31.305,-0.0004670835210873201
31.335,-0.0004659810269522037
31.365,-0.0004649427043565157
31.395,-0.0004639754481973333
31.425,-0.0004630838952088439
31.45499999999999,-0.0004622704948318839
31.485,-0.0004615356300887827
31.51499999999999,-0.0004608777816876521
31.545,-0.0004602937277002844
31.575,-0.0004597787706050076
31.605,-0.0004593269832573434
31.635,-0.0004589314654333513
31.665,-0.000458584602953343
31.695,-0.0004582783219971336
31.725,-0.0004580043320259079
31.755,-0.000457754351675083
31.785,-0.0004575203130326854
31.81499999999999,-0.000457294540813695
31.845,-0.0004570699040396933
31.87499999999999,-0.0004568399388897428
31.90499999999999,-0.0004565989423711759
31.935,-0.0004563420373371962
31.965,-0.0004560652101363893
31.995,-0.0004557653228048079
32.025,-0.0004554401022017518
32.055,-0.0004550881088499955
32.085,-0.0004547086884741951
32.11499999999999,-0.0004543019093539762
32.145,-0.0004538684886282453
32.175,-0.0004534097106192549
32.20499999999999,-0.000452927340106913
32.23499999999999,-0.0004524235332784416
32.26499999999999,-0.0004519007488310486
32.295,-0.0004513616614145293
32.325,-0.0004508090792881788
32.355,-0.0004502458677357594
32.385,-0.0004496748794489773
32.415,-0.0004490988927598119
32.445,-0.0004485205582880416
32.47499999999999,-0.0004479423542781401
32.505,-0.0004473665506375974
32.535,-0.0004467951814614247
32.56499999999999,-0.0004462300256396549
32.59499999999999,-0.000445672594995027
32.62500000000001,-0.0004451241292903931
32.655,-0.0004445855973718073
32.685,-0.0004440577036770731
32.715,-0.0004435408993285386
32.745,-0.0004430353970444688
32.775,-0.0004425411891342975
32.805,-0.0004420580678889691
32.83499999999999,-0.0004415856477294907
32.86499999999999,-0.000441123388532806
32.895,-0.0004406706196117192
32.92499999999999,-0.0004402265638796111
32.95500000000001,-0.0004397903617834863
32.985,-0.00043936109463611
33.015,-0.0004389378070236617
33.045,-0.0004385195280048461
33.075,-0.0004381052908575065
33.105,-0.0004376941511642745
33.135,-0.0004372852030651804
33.165,-0.0004368775935398426
33.19499999999999,-0.0004364705346177158
33.22499999999999,-0.0004360633134497208
33.255,-0.0004356553002111726
33.28499999999999,-0.0004352459538403716
33.315,-0.0004348348256541936
33.345,-0.0004344215609141248
